group,sub,symbol,amt_1d,chg_1d,amt_5d,chg_5d,amt_20d,chg_20d,amt_60d,chg_60d,amt_1y,chg_1y,amt_ytd,ytd
電子–半導體,電子上游-IC-製造,華邦電,75.6,-9.95,1776.79466,31.36,5798.12667,52.17,9894.69416,152.33,15255.35549,712.73,1776.79466,31.36
電子–半導體,電子上游-IC-代工,台積電,525,0.3,4248.98873,8.71,10346.57329,14.23,30685.75244,19.48,103073.2314,59.3,4248.98873,8.71
電子–半導體,電子上游-記憶體製造,南亞科,40.8,-9.94,1482.39274,25.13,3285.5216,49.07,13288.88647,152.62,21470.15816,850.79,1482.39274,25.13
電子–光電,電子中游-LCD-TFT面板,群創,32.2,-3.86,591.47267,21.7,1051.73666,48.75,1341.05553,36.07,2901.51467,64.16,591.47267,21.7
電子–電子零組件,電子上游-PCB-材料設備,富喬,41.8,0.23,309.80191,-6.57,1328.80164,1.26,4366.89038,26.18,11237.89235,223.08,309.80191,-6.57
電子–半導體,電子上游-IC-封測,京元電子,49.1,-0.19,452.12944,6.26,1295.81865,15.1,4135.96374,54.71,8806.82738,144.04,452.12944,6.26
電子–半導體,電子上游-IP/ASIC,世芯-KY,32.9,-0.97,459.87168,2.56,1269.74423,10.43,4438.76718,6.82,18574.89072,30.01,459.87168,2.56
電子–半導體,電子上游-記憶體銷售,威剛,10.2,-9.79,77.62763,2.33,942.19168,53.35,2410.09489,62.04,4031.90149,322.89,77.62763,2.33
電子–半導體,電子上游-記憶體IC設計,群聯,59.1,-5.59,517.28191,17.24,2085.92423,48,5283.6106,102.06,8369.34924,297.52,517.28191,17.24
電子–其他電子,電子上游-PCB-材料設備,尖點,73.7,9.95,223.44767,3.16,1323.37361,42.03,3057.90107,75,5049.96846,535.74,223.44767,3.16
電子–半導體,電子上游-記憶體銷售,創見,58.5,-6.8,231.31618,31.38,490.79912,42.27,865.24479,111.07,1257.86671,220.51,231.31618,31.38
電子–電子零組件,電子上游-PCB-材料設備,凱崴,2.31,1.79,14.88915,-0.4,363.91676,90.51,575.79861,144.28,860.51382,393.61,14.88915,-0.4
電機機械,傳產-電機,大量,13,2.57,87.51798,-12.3,449.38007,-8.74,1413.17178,16.94,4495.08708,129.71,87.51798,-12.3
電子–通信網路,電子中游-通訊設備,光聖,45.3,4.89,205.97201,-2.21,799.75482,10.83,2750.13191,50.28,6537.52557,148.33,205.97201,-2.21
電子–半導體,電子上游-記憶體IC設計,愛普*,35.7,4.84,179.44949,1.56,426.80892,11.52,1193.43727,26.21,2590.58848,68.66,179.44949,1.56
電子–通信網路,電子中游-通訊設備,華星光,64.3,-4.21,340.89511,-5.07,1559.15194,19.77,2998.30237,65.24,10581.42488,60.62,340.89511,-5.07
電子–其他電子,電子中游-EMS,鴻海,75.3,0,867.45014,-0.43,2319.60585,-2.34,9810.48486,7.75,28238.3909,38.68,867.45014,-0.43
綠能環保,傳產-綠能環保,可寧衛*,97.4,10,291.39401,12.34,515.57661,59.19,679.44043,74.02,814.86266,109.81,291.39401,12.34
電子–半導體,電子上游-IC-封測,欣銓,5.44,2.48,111.43116,-2.81,403.21845,31.52,702.06603,53.55,2141.49547,106.98,111.43116,-2.81
電子–半導體,電子上游-IC-代工,力積電,44.2,-4.53,937.24404,25.54,2363.626,40.65,5995.01716,69.74,7820.6145,263.74,937.24404,25.54
電子–半導體,電子上游-IC-封測,矽格,6.84,1.74,88.37533,-1.29,335.77211,19.42,546.66296,30.39,1162.35431,78.41,88.37533,-1.29
電子–電子零組件,電子中游-電源供應器,康舒,52.5,7.44,82.90269,0.12,327.62007,5.61,1100.82612,28.92,1305.00924,46.79,82.90269,0.12
電子–半導體,電子上游-IC-設計,信驊,22.1,1.18,134.05904,5.37,501.40936,14.35,1741.68319,38.71,5465.49066,135.21,134.05904,5.37
電子–電子零組件,電子上游-PCB-材料設備,台燿,21,-0.32,217.25627,-5.47,964.40103,9.88,3477.32831,39.61,9350.88988,191.57,217.25627,-5.47
電子–半導體,電子上游-記憶體IC設計,晶豪科,6,-6.83,158.50733,24.15,418.50324,78.01,1051.19381,79.31,1651.19742,164.11,158.50733,24.15
電子–半導體,電子上游-記憶體銷售,十銓,49.2,-5.71,353.90806,11.11,797.37335,47.89,1529.34225,68,2079.48761,203.51,353.90806,11.11
電子–電子零組件,電子上游-被動元件,榮科,3.84,0.2,49.76627,-5.14,208.7771,8.62,534.70583,19.57,688.78639,195.55,49.76627,-5.14
電子–半導體,電子上游-IC-設計,聯發科,98.1,-1.38,775.73706,3.01,2243.56502,3.73,6470.99852,12.02,24535.67371,8.06,775.73706,3.01
電子–電腦及週邊設備,電子中游-EMS,緯穎,193,-8.82,412.13602,3.68,1137.88415,2.88,4380.70754,35.57,13629.21972,97.48,412.13602,3.68
電子–半導體,電子上游-IC-製造,旺宏,433,-9,858.96774,60.46,1552.43876,63.35,3880.45469,136.64,4814.48897,256.62,858.96774,60.46
電子–半導體,電子上游-IC-封測,穎崴,58,9.92,192.42564,11.8,549.51855,18.69,1597.14119,39.87,4542.75347,186.46,192.42564,11.8
其他,電子下游-消費電子,雷虎,53.7,-4.1,54.98824,9.31,201.96219,14.86,595.6941,7.09,2143.95115,149.61,54.98824,9.31
電子–光電,電子中游-光學鏡片,大立光,52.9,2.02,208.40214,-0.8,566.75548,19.57,990.48576,6.68,3728.38402,-3.49,208.40214,-0.8
電子–電子零組件,電子中游-電源供應器,台達電,65.4,0,756.67101,4.88,1980.4696,4.02,7065.62961,-1.94,18229.79433,156.99,756.67101,4.88
電子–半導體,電子上游-IC-封測,聯鈞,16.4,0.58,148.60314,-3.89,704.0642,-6.32,2077.06783,-1.14,9817.71149,-8.74,148.60314,-3.89
電子–其他電子,電子中游-儀器設備工程,亞翔,20.8,2.03,169.61633,6.88,772.29228,20.04,1816.41507,39.15,5045.51639,166.51,169.61633,6.88
電子–電子零組件,電子中游-電源供應器,環科,0.0536,1.53,5.6197,-7.13,126.03664,37.72,166.05855,98.36,181.34894,86.15,5.6197,-7.13
電子–半導體,電子上游-IC-封測,日月光投控,40.8,-0.91,338.98819,9.18,992.23689,13.96,3491.46658,58.09,7821.84513,74.66,338.98819,9.18
電機機械,電子上游-IC-代工,中砂,6.42,-0.48,93.48808,4.04,309.31276,17.19,673.12847,27.91,2375.90859,46.86,93.48808,4.04
電子–電腦及週邊設備,電子中游-二次電池,順達,15.6,-0.82,79.49822,-9.94,653.31237,17.64,1326.86851,-8.86,5153.08439,71.22,79.49822,-9.94
電子–半導體,電子上游-記憶體銷售,宇瞻,65.1,0.39,134.79748,12.39,286.24782,32.29,860.00578,37.3,1086.63227,213.97,134.79748,12.39
鋼鐵工業,傳產-鋼鐵,第一銅,2.75,-1.25,38.00434,-0.21,132.62312,7.24,249.86115,11.07,605.94852,39.61,38.00434,-0.21
電子–電子零組件,電子上游-PCB-材料設備,建榮,4.6,1.31,25.89756,-1.57,105.60474,0,306.09541,36.78,558.36076,95.79,25.89756,-1.57
電子–電子零組件,電子上游-ABF,欣興,39.5,-1.1,412.58823,3.41,1072.50711,0.66,3636.66414,48.21,9616.27921,64.51,412.58823,3.41
電子–電腦及週邊設備,電子中游-NB與手機零組件,奇鋐,82.5,1.48,470.40128,-10.26,1369.06603,-3.9,5383.53756,16.81,15807.88392,164.9,470.40128,-10.26
玻璃陶瓷,傳產-玻璃陶瓷,台玻,16,-0.57,120.38278,1.88,608.22679,-11.78,2251.19459,15.22,4383.38435,133.11,120.38278,1.88
電子–電子零組件,電子上游-PCB-製造,金像電,52.8,0.79,305.3389,-8.01,1055.8647,6.04,3867.67293,48.53,9255.70989,217.64,305.3389,-8.01
電器電纜,傳產-電線電纜,華新,54.2,-2.22,331.51095,20.44,730.42891,24.76,1918.82114,23.95,3454.42348,78.8,331.51095,20.44
電機機械,傳產-電機,恩德,0.06,4.52,7.27834,-11.58,69.63465,40.47,84.49384,38.16,263.12755,56.48,7.27834,-11.58
電子–其他電子,電子中游-儀器設備工程,聖暉*,12.5,-2.67,146.512,0.64,464.08495,6.22,1089.27738,-5.42,2438.56683,105.47,146.512,0.64
電子–光電,電子中游-LCD-零組件,中光電,16.1,-0.8,29.43006,2.21,135.59195,-4.46,772.42537,-24.55,3493.98042,13.36,29.43006,2.21
電子–半導體,電子上游-IP/ASIC,力旺,12.5,-1.2,84.55018,-3.76,272.58457,-16.54,1139.81851,-16.33,4136.70042,-44.18,84.55018,-3.76
電子–光電,電子中游-LCD-TFT面板,友達,65.6,-6.71,404.50122,27.76,530.37133,38.5,819.54496,15.5,1648.54553,19.83,404.50122,27.76
電子–電子零組件,電子上游-PCB-製造,華通,117,10,356.48857,12.78,1187.12297,24.26,1882.14975,19.18,3859.86673,63.42,356.48857,12.78
電子–電腦及週邊設備,電子下游-筆記型電腦,廣達,132,3.48,327.12256,0.37,1104.8384,-7.77,3062.43011,-7.3,13463.68261,5.74,327.12256,0.37
電子–半導體,電子上游-IP/ASIC,創意,53.4,-3.67,432.44406,15.29,1266.22361,15.84,4614.66837,63.33,9063.25052,110.71,432.44406,15.29
電子–電子零組件,電子上游-PCB-材料設備,台光電,43.3,0.97,430.3604,-6.08,1099.13625,3,3464.05761,28.75,11169.51164,178.02,430.3604,-6.08
電機機械,傳產-電機,高力,57.8,9.86,150.64557,-0.34,368.40994,13.11,1291.17653,37.95,3086.23562,99.26,150.64557,-0.34
電子–半導體,電子上游-晶圓材料,環球晶,30.2,-4.22,208.07336,10.84,396.2875,17.76,1069.62511,-7.05,3275.48358,35.22,208.07336,10.84
電子–電子零組件,電子上游-PCB-製造,定穎投控,89.3,9.84,252.22121,-0.39,766.88803,9.48,2507.60591,25.12,5219.98489,135.45,252.22121,-0.39
電子–電子零組件,電子上游-被動元件,國巨*,53.8,1.89,706.37087,2.81,1461.59861,-0.84,6100.06974,33.43,10114.89992,92,706.37087,2.81
電子–通信網路,電子中游-網通,智邦,104,-3.95,339.33139,6.75,1416.86546,27.14,3884.36371,22.22,11169.08908,83.34,339.33139,6.75
電子–電子零組件,電子上游-PCB-材料設備,揚博,5.33,-2.35,18.21886,5.37,71.0848,12.83,122.96284,37.39,336.62253,55.32,18.21886,5.37
電子–半導體,電子上游-IC-封測,南茂,42.1,10,130.15007,12.41,304.55361,12.05,804.05886,74.34,941.02512,87.94,130.15007,12.41
電子–電腦及週邊設備,電子下游-筆記型電腦,緯創,72.6,-1.32,516.43833,0.33,1191.0972,1,4297.47896,3.78,12553.08783,51.61,516.43833,0.33
電子–半導體,電子上游-IC-封測,精測,9.65,0,64.55087,-4.16,368.73479,8.42,1004.48455,28.45,2275.863,186.72,64.55087,-4.16
電子–半導體,電子上游-IC-封測,旺矽,46.4,4.48,151.45878,-5.78,546.64338,-9.59,1866.45154,25.82,6058.09819,142.11,151.45878,-5.78
電子–半導體,電子上游-IC-代工,穩懋,125,9.37,251.02068,7.92,898.52482,18.26,1595.23742,102.98,2240.85003,108.09,251.02068,7.92
電子–電腦及週邊設備,電子上游-記憶體銷售,宜鼎,27.6,-5.12,183.5317,11.98,472.01796,35.08,1484.94285,62.06,2179.92534,239.63,183.5317,11.98
電子–電腦及週邊設備,電子中游-電源供應器,光寶科,18.7,-1.24,183.62342,-1.22,517.26125,1.57,2351.43142,-3.87,6330.23345,64.64,183.62342,-1.22
電子–其他電子,電子中游-儀器設備工程,漢唐,22.9,-0.5,236.63279,6.43,926.31167,21.69,1630.30896,18.68,4682.84931,114.84,236.63279,6.43
電子–電子零組件,電子上游-連接元件,富世達,25.5,0,157.08716,-16,547.80391,-9.3,2049.07711,18.18,5831.39043,108.72,157.08716,-16
電子–其他電子,電子中游-散熱零組件,雙鴻,36.9,2.22,174.80527,-6.44,704.52578,4.88,2393.17148,4.42,7095.79946,53.37,174.80527,-6.44
電子–電子零組件,電子上游-被動元件,蜜望實,16.3,9.94,32.96724,-7.56,239.57838,-12.92,618.85618,101.78,727.06385,177.97,32.96724,-7.56
電子–半導體,電子上游-IC-導線架,長科*,2.71,2.87,35.99599,1.34,78.39159,7.27,218.64738,21.81,300.53062,46.41,35.99599,1.34
電子–光電,電子上游-LED照明及光元件,惠特,5.9,-4.38,53.39647,-10.68,343.26968,7.73,526.39297,73.58,872.8308,17.84,53.39647,-10.68
電子–通信網路,電子上游-被動元件,上詮,8.66,0,110.33583,-6.34,323.75839,6.33,939.66188,19.03,3232.35356,55.25,110.33583,-6.34
塑膠工業,傳產-塑膠,南亞,113,-7.76,459.32716,11.3,993.96051,7.89,3456.4554,59.9,5972.15519,139.03,459.32716,11.3
電子–半導體,電子上游-IC-半導體設備,鴻勁,41,5.11,212.70502,-8.61,632.94717,5.21,1140.83658,0,1140.83658,0,212.70502,-8.61
電子–半導體,電子上游-記憶體銷售,品安,34.9,-3.88,38.50705,17.1,82.20316,25.67,380.29513,37.83,886.06543,198.24,38.50705,17.1
電子–電子通路,電子上游-IC-通路,方土昶,1.86,-7.51,31.51107,16.02,88.64067,78.47,128.98067,194.86,141.86386,294.29,31.51107,16.02
電子–電子通路,電子上游-IC-通路,至上,49.7,-4.79,236.766,9.1,450.92137,8.81,1735.82566,78.34,2010.714,53.8,236.766,9.1
航運業,傳產-航運,漢翔,16.2,-3.28,35.90288,8.5,89.00625,7.86,322.68817,-5.67,2410.31329,29.94,35.90288,8.5
電子–半導體,電子上游-ABF,景碩,50.3,1.81,333.48083,4.4,658.09697,4.08,2140.72722,24.34,3748.87497,74.99,333.48083,4.4
電子–其他電子,電子上游-連接元件,貿聯-KY,41.3,1.06,327.05921,-7.24,955.00256,-4.08,3419.93297,28.77,8790.97625,143.1,327.05921,-7.24
電子–電子零組件,電子上游-PCB-製造,台虹,6.18,1.92,64.23825,-2.35,459.67468,-11.49,1027.21568,26.64,1484.73827,104.07,64.23825,-2.35
電子–半導體,電子上游-IC-封測,力成,35.4,-1.23,265.26995,17.34,584.58182,26.48,1284.78007,32.25,2623.54547,85.88,265.26995,17.34
電子–半導體,電子上游-IC-封測,華泰,13.1,0.35,62.45619,0.89,276.98173,21.51,523.75359,13.91,1095.53927,86.41,62.45619,0.89
電子–電腦及週邊設備,電子下游-筆記型電腦,華碩,36.7,0,141.57399,-3.28,719.18216,-11.07,1594.43439,-23.96,6239.05082,-8.53,141.57399,-3.28
電子–半導體,電子上游-IC-半導體設備,家登,10.1,-1.09,123.15083,16.15,219.2288,23.02,359.58501,25.06,1070.98277,-9.39,123.15083,16.15
電子–電子零組件,電子上游-PCB-材料設備,鉅橡,19.8,9.96,22.66497,0.39,172.30703,45.45,219.93018,81.56,302.85931,158.19,22.66497,0.39
生技醫療,傳產-生技,藥華藥,5.87,-1.16,61.54492,10.21,168.14958,1.17,539.09749,-0.96,2886.70624,-18.4,61.54492,10.21
電子–其他電子,傳產-其他,光洋科,5.38,1.94,41.11666,-6.92,268.15852,3.17,411.82624,-0.64,1259.68305,14.54,41.11666,-6.92
電子–電子零組件,電子中游-二次電池,AES-KY,10.3,0.4,76.68908,-5.26,382.63624,-2.7,1665.048,12,5442.53001,12.86,76.68908,-5.26
電子–半導體,電子上游-IC-封測,超豐,16.8,4.34,51.89668,-1.57,306.75586,20.83,386.93901,35.39,492.59041,53.36,51.89668,-1.57
電子–半導體,電子上游-記憶體IC設計,鈺創,4.28,-2.91,112.77629,21.65,232.53751,48.02,450.30161,61.57,709.7727,90.74,112.77629,21.65
電機機械,傳產-電機,華城,54.8,7.35,113.67019,-3.92,815.46019,0.68,2025.37697,32.43,6702.83303,69.36,113.67019,-3.92
電子–電子零組件,電子中游-金屬製品,川湖,31.1,4.91,221.74584,-15.87,531.9607,-9.86,1906.49697,-15.19,5795.96649,127.85,221.74584,-15.87
電子–光電,電子上游-IC-導線架,一詮,6.72,-0.54,47.86968,-2.24,228.30504,-0.43,657.23901,10.74,1491.18346,-8.54,47.86968,-2.24
電子–電子零組件,電子中游-散熱零組件,健策,46.7,4.09,207.66014,-10.93,778.95628,-17.12,2719.20097,9.89,6996.29118,82.9,207.66014,-10.93
電子–電子零組件,電子上游-ABF,南電,9.8,1.48,122.05566,-1.66,414.89271,-16.55,2799.32976,-11.4,6687.27256,95.98,122.05566,-1.66
電子–光電,電子中游-儀器設備工程,牧德,2.55,1.19,40.05676,-4.73,155.63146,7.25,364.25369,9.33,1846.15565,69.19,40.05676,-4.73
航運業,傳產-航運,長榮,16.7,0,120.78283,1.84,346.85458,8.4,1263.18478,8.1,7810.43414,8.73,120.78283,1.84
電子–電子零組件,電子上游-PCB-材料設備,德宏,2.41,-1.46,19.0504,-7.19,67.08286,6.97,169.73793,32.84,418.86389,660.68,19.0504,-7.19
鋼鐵工業,傳產-鋼鐵,中鋼,6.26,-1.04,52.53967,0.79,138.33434,3.79,325.77421,0.79,1515.55197,7.58,52.53967,0.79
電子–光電,電子上游-PCB-製造,台表科,0.07345,0,9.97536,0.63,37.22301,-4.48,114.07425,-10.7,435.91658,-2.11,9.97536,0.63
電子–其他電子,電子中游-儀器設備工程,德律,4.33,2.06,34.74059,-11.49,215.13367,3.04,378.84897,10.42,1263.45583,46.2,34.74059,-11.49
電子–電子通路,電子上游-IC-通路,文曄,3.03,0.69,61.14495,6.2,296.96999,-3.64,796.77726,4.68,1806.92909,37.86,61.14495,6.2
電機機械,傳產-電機,鈦昇,2.33,-1.42,42.11469,-3.2,104.71294,6.21,173.55893,20.45,332.8972,38.38,42.11469,-3.2
電子–電子零組件,電子上游-PCB-製造,毅嘉,3.4,1.24,38.35501,-10.63,289.23559,-7.7,417.51958,12.38,1060.09856,69.68,38.35501,-10.63
電子–半導體,電子上游-IC-封測,台星科,5.71,3.67,18.55949,-3.16,106.416,25.9,132.87628,34.17,206.03485,21.11,18.55949,-3.16
電機機械,傳產-電機,東元,13.5,2.33,46.03282,-2.86,340.06376,-5.77,2139.17916,-27.47,5424.16219,62.23,46.03282,-2.86
電子–半導體,電子上游-IC-設計,譜瑞-KY,10.5,2.26,66.6939,5.99,137.27482,-0.48,392.36441,-19.82,1674.95586,-7.4,66.6939,5.99
電子–通信網路,電子中游-網通,眾達-KY,2.93,-0.78,31.58756,-9.15,300.71928,-0.39,517.31292,15.18,1709.153,-2.74,31.58756,-9.15
電子–其他電子,電子上游-IC-半導體設備,矽科宏晟,3.4,-4.51,12.23561,-12.37,23.88627,0,23.88627,0,23.88627,0,12.23561,-12.37
電子–半導體,電子上游-記憶體銷售,凌航,4.05,1.62,50.38146,3.93,95.40436,37.8,146.87878,101.74,178.67413,0,50.38146,3.93
金融保險,金融-金控,玉山金,5.9,-0.46,82.38932,-2.81,439.46286,2.18,1120.46526,0.92,2698.62745,26.93,82.38932,-2.81
生技醫療,傳產-生技,晟德,0.09241,1.61,5.08545,-3.25,19.02901,8.05,43.16946,17.86,117.79338,2.97,5.08545,-3.25
電子–通信網路,電子中游-通訊設備,耀登,4.87,9.69,4.8323,5.09,36.62752,26.96,39.99648,20.74,72.95083,17.08,4.8323,5.09
電子–半導體,電子上游-IC-封測,福懋科,10.2,-4.01,113.03328,4.02,283.91804,35.96,485.58019,102.71,513.54347,164.65,113.03328,4.02
塑膠工業,傳產-塑膠,台塑,19.2,-2.28,70.66828,6.92,150.10987,3.47,572.6748,9.16,2044.75962,30.72,70.66828,6.92
電子–電腦及週邊設備,電子中游-EMS,大眾控,0.04751,0.4,6.38291,-6.99,76.48724,64.29,81.33984,33.16,159.5037,33.65,6.38291,-6.99
電子–光電,電子下游-太陽能,元晶,85.4,2.24,89.77682,11.83,204.88226,108,220.31666,115.92,364.59755,95,89.77682,11.83
電子–電子零組件,電子上游-PCB-製造,精成科,25.1,5.07,42.2009,-3.13,179.96256,-9.58,1275.84547,-3.56,5265.62175,77.49,42.2009,-3.13
電子–其他電子,電子中游-儀器設備工程,致茂,18.3,-0.32,168.96824,19.35,568.05169,14.48,2270.84778,43.63,4515.31165,158.82,168.96824,19.35
電子–光電,電子中游-光學鏡片,邑錡,3.36,-2.94,9.2509,3.42,37.32746,2.64,106.1579,0.37,575.13226,82.21,9.2509,3.42
電子–半導體,電子上游-IC-代工,聯電,159,4.55,538.87223,7.21,928.17773,6.45,1732.29325,16.17,5419.07558,37.43,538.87223,7.21
電子–半導體,電子上游-IC-半導體設備,萬潤,18.1,-5.6,81.88946,7.97,142.81092,11.02,358.41451,5.79,2531.73282,13.03,81.88946,7.97
電子–其他電子,傳產-其他,鑫科,0.05502,0.38,11.69194,-7.22,33.92085,17.11,39.72522,11.77,241.73616,-15.12,11.69194,-7.22
電子–電腦及週邊設備,電子下游-電腦周邊,廣明,4.53,-2.14,61.36387,9.35,109.22086,15.84,214.12263,8.84,1060.66378,19.4,61.36387,9.35
電子–其他電子,電子中游-儀器設備工程,帆宣,5.43,-3.48,68.99755,4.36,210.47171,21.1,347.44529,17.86,972.10456,101.66,68.99755,4.36
電子–通信網路,電子中游-通訊設備,波若威,19.6,-1.34,171.09212,-6.15,679.58526,4.03,2016.54997,75.59,7611.37282,149.45,171.09212,-6.15
電子–光電,電子中游-光學鏡片,今國光,3.11,-1.67,27.13244,-10.18,177.61027,5.45,422.11687,35.59,606.35208,127.7,27.13244,-10.18
電子–電子零組件,電子上游-PCB-材料設備,聯茂,6.28,1.33,74.02942,-0.44,160.65856,-0.88,607.85959,10.78,2407.92927,65.98,74.02942,-0.44
電子–電腦及週邊設備,電子中游-機殼,勤誠,17.4,-0.98,149.97998,-8.36,421.20209,1.1,1429.16719,49.76,3211.78598,289.53,149.97998,-8.36
電子–電腦及週邊設備,電子下游-工業電腦,事欣科,5.77,-0.85,18.39464,2.81,121.82767,15.58,187.06025,0,1754.06462,99.25,18.39464,2.81
航運業,傳產-航運,陽明,6.25,-0.53,54.16291,1.08,195.64176,11.71,739.23999,9.11,4947.04516,-10.11,54.16291,1.08
航運業,傳產-航運,長榮航,8.89,0.41,35.27983,-0.27,145.98833,7.21,477.36354,-2.28,2873.96699,-15.63,35.27983,-0.27
電子–電子零組件,電子上游-PCB-製造,泰鼎-KY,16.1,0.66,61.43957,16.16,179.60525,50.59,218.2653,59.75,436.78553,26.37,61.43957,16.16
金融保險,金融-金控,台新新光金,5.03,0.24,67.90036,1.72,909.61496,7.79,1464.67044,11.86,3414.82903,27.22,67.90036,1.72
電子–其他電子,電子中游-儀器設備工程,弘塑,12.7,-1.91,166.55413,17.31,334.04564,22.41,870.11924,10.91,3444.7763,34.57,166.55413,17.31
化學工業,傳產-化學工業,國精化,2.06,0.9,38.26417,-10.93,178.02878,8.79,428.38639,-18.14,1172.20102,260.69,38.26417,-10.93
電子–通信網路,電子下游-電信服務,台灣大,6.15,0,38.04373,-1.38,358.12389,2.39,648.87569,-3.17,2359.41177,-0.06,38.04373,-1.38
航運業,傳產-航運,亞航,4.19,0.76,7.99225,0.96,35.8646,3.34,141.51596,-13.49,798.69351,47.92,7.99225,0.96
電子–電子零組件,電子上游-連接元件,湧德,3.01,-0.41,66.6604,6.49,125.45542,20,271.85213,30.16,918.65762,52.36,66.6604,6.49
電子–通信網路,電子中游-通訊設備,兆赫,2.13,-1.57,26.77048,-3.6,280.40658,-7.62,430.66247,79.86,454.4221,83.75,26.77048,-3.6
電子–電子零組件,電子上游-被動元件,光頡,6,7.36,61.35792,-2.23,122.61009,13.29,262.69502,52.67,288.39972,55.21,61.35792,-2.23
電子–電子零組件,電子中游-變壓器與UPS,系統電,7.69,1.23,36.62508,-4.41,319.39514,3.17,578.61578,-9.22,1958.28542,76.53,36.62508,-4.41
電子–電子零組件,電子上游-PCB-製造,臻鼎-KY,6.78,0.35,64.38932,0.7,238.49468,-3.05,1020.73349,-10.34,3985.69416,32.49,64.38932,0.7
電子–光電,電子中游-儀器設備工程,廣運,0.09462,0.14,19.18406,-2.22,59.8677,9.47,91.56288,-3.69,490.65042,-19.78,19.18406,-2.22
電子–電腦及週邊設備,電子中游-EMS,和碩,4.84,-1.56,45.80917,2.77,171.09562,0.71,429.48853,-1.81,1361.95494,-18.88,45.80917,2.77
航運業,傳產-航運,龍德造船,2.96,-1.48,9.07864,1.5,62.5274,7.57,148.19982,-5.59,970.61344,33.5,9.07864,1.5
電子–電子通路,電子上游-IC-通路,大聯大,6.35,1.1,44.15883,9.11,167.82446,-3.2,530.69419,3.25,1268.7013,-2.16,44.15883,9.11
生技醫療,傳產-生技,康霈*,8.14,4.23,34.19575,-8.39,148.41433,-16.96,804.57831,-13.41,5379.07067,123.62,34.19575,-8.39
航運業,傳產-電機,長榮航太,6.71,-4.64,17.79006,6.34,85.25682,5.59,274.04057,-7.08,1463.35346,66.1,17.79006,6.34
電子–電子零組件,電子上游-PCB-製造,健鼎,5.34,0.63,55.05748,-0.16,219.1039,5.67,659.81748,1.93,2153.11796,70.35,55.05748,-0.16
電子–其他電子,電子上游-PCB-材料設備,昇貿,11,2.76,39.9975,4.83,243.49809,10.26,535.77283,-0.91,2094.94066,89.65,39.9975,4.83
金融保險,金融-金控,富邦金,11.3,-1.75,66.64106,0.94,323.31203,0.73,1416.52131,10.48,5152.26431,16.39,66.64106,0.94
電子–半導體,電子上游-IC-設計,祥碩,50.8,9.8,104.8638,5.37,192.71296,2.41,534.79019,-13.56,3177.96177,-32.87,104.8638,5.37
電子–通信網路,軟體-系統整合,華電網,10.9,9.94,20.28396,0.18,87.84656,23.55,215.8398,121.18,252.21859,165.27,20.28396,0.18
電子–半導體,電子上游-IC-設計,晶相光,0.02891,0.13,9.3532,3.57,19.27188,3.71,35.36421,23,61.22642,-5.04,9.3532,3.57
航運業,傳產-航運,華航,3.1,0.25,27.944,0.99,111.71384,9.68,280.79471,0.49,1258.13023,-15.81,27.944,0.99
電子–電子零組件,電子上游-PCB-製造,瀚宇博,11.5,4.94,21.52974,-1.3,119.21585,-5.3,686.4195,2.59,1483.34564,86.91,21.52974,-1.3
電子–通信網路,電子下游-電信服務,中華電,8.62,-0.37,58.75899,2.3,142.04437,2.69,494.00007,0.75,2823.41387,12.72,58.75899,2.3
電子–電子零組件,電子上游-PCB-製造,高技,7.75,0.16,65.54695,-1.74,351.19461,-10.23,1414.68892,1.14,5442.52005,206.62,65.54695,-1.74
電器電纜,傳產-電線電纜,華榮,2.38,-1.45,22.74031,-1.3,89.41645,2.85,264.73198,19.78,513.03136,63.78,22.74031,-1.3
電子–電腦及週邊設備,電子中游-散熱零組件,邁科,1.72,0.93,22.3404,-8.47,93.33888,11.57,159.22386,0,159.22386,0,22.3404,-8.47
電子–其他電子,電子中游-機殼,可成,9.1,-0.73,45.81057,-1.2,149.1473,7.93,412.13018,16.35,1687.87676,10.25,45.81057,-1.2
電子–半導體,電子上游-IC-半導體設備,竑騰,2.2,1.13,21.69791,-8.63,64.17221,6.62,135.72762,51.66,231.14235,0,21.69791,-8.63
電機機械,傳產-電機,大同,5.18,2.3,24.09826,-3.33,183.27123,-6.15,471.53268,-20.78,1744.71227,-27.67,24.09826,-3.33
其他,傳產-其他,智通*,1.55,-1.46,7.50859,2.39,27.89858,0.59,155.61392,-17.15,1020.721,108.74,7.50859,2.39
電子–光電,電子中游-儀器設備工程,東捷,1.29,-1.39,19.48555,-0.85,47.55395,3.99,79.72038,6.35,262.83365,1.98,19.48555,-0.85
文化創意,軟體-遊戲,鈊象,5.44,-0.14,52.64009,1.25,148.9419,1.96,870.41855,-5.56,3791.61787,-18.62,52.64009,1.25
電子–半導體,電子中游-LCD-TFT面板,新應材,11.1,1.1,159.21099,3.76,296.51986,15.19,813.37974,2.36,2835.14179,0,159.21099,3.76
數位雲端,軟體-其他,創泓科技,0.08094,-2.65,6.54646,1.8,16.08033,16.49,26.83551,26.97,70.65243,0,6.54646,1.8
電子–半導體,電子上游-LED照明及光元件,采鈺,2.84,-0.9,21.42868,-2.46,78.78034,3.54,217.99444,8.81,1206.50759,-7.5,21.42868,-2.46
電子–電腦及週邊設備,電子中游-EMS,神達,43.6,-3.37,191.92458,6.48,415.37227,-2.54,2099.90399,-4.56,9613.78689,50.55,191.92458,6.48
電子–電腦及週邊設備,電子中游-主機板,微星,13.6,0.73,35.56084,0.42,121.1189,-3.02,557.6956,-14.98,1984.29851,-45.45,35.56084,0.42
電子–光電,電子上游-LED照明及光元件,億光,1.62,1.08,15.4056,0.18,88.67407,9.5,138.97901,-11.52,414.8631,-29.71,15.4056,0.18
電子–其他電子,電子上游-IC-其他,光焱科技,0.01092,-0.66,8.5622,9.6,19.03453,30.67,40.4219,86.73,89.18071,0,8.5622,9.6
金融保險,金融-金控,中信金,4.22,0.61,78.40342,-1.69,476.79612,9.79,1010.44502,17.08,5087.68826,35.99,78.40342,-1.69
電子–通信網路,電子下游-手機製造,宏達電,2.82,-0.65,22.54549,-5.89,107.13794,-10.62,344.02378,-15.2,2807.37638,2.21,22.54549,-5.89
電子–光電,電子中游-LCD-TFT面板,元太,13.9,-1.73,83.81075,-12.37,180.31686,-6.47,636.37868,-24.73,3322.07466,-32.34,83.81075,-12.37
電子–光電,電子上游-PCB-材料設備,高僑,0.06495,0.35,4.86947,-5.82,23.35938,30.41,25.51823,21.98,83.423,15.09,4.86947,-5.82
電子–電腦及週邊設備,電子中游-主機板,技嘉,12,-1.84,77.59818,-1.8,195.93457,0.82,653.26637,-15.22,2987.83083,-2.31,77.59818,-1.8
金融保險,金融-金控,元大金,3.19,-0.73,79.20821,4.58,265.57791,7.59,593.36786,19.48,2096.35031,30.23,79.20821,4.58
電子–半導體,電子上游-IC-設計,聯詠,12.6,-1.43,130.26052,2.94,263.87634,1.45,681.28762,-7,3256.86081,-16.05,130.26052,2.94
電子–電子零組件,電子上游-PCB-材料設備,志聖,10,-0.77,62.37483,4.19,198.74473,16,313.31943,43.8,836.40271,48.51,62.37483,4.19
電子–半導體,電子上游-IC-封測,博磊,0.04686,1.08,3.81189,-10.99,33.3647,-1.52,105.05977,1.25,158.02913,44.71,3.81189,-10.99
電子–電子零組件,電子上游-PCB-製造,律勝,0.00701,0,0.80517,-7.32,13.65776,24.59,16.59199,61.21,23.876,35.99,0.80517,-7.32
電子–通信網路,電子上游-PCB-製造,新復興,1.17,-1.05,12.81128,-3.39,79.25019,34.12,95.05135,14.11,473.9213,-36.52,12.81128,-3.39
電子–電子零組件,電子上游-被動元件,日電貿,7.21,1.3,97.2485,1.32,265.3421,5.95,569.83421,31.36,843.93171,64.49,97.2485,1.32
生技醫療,傳產-生技,美時,7.58,1.57,35.2132,1.41,126.52889,-1.54,686.22031,0.88,1461.68493,12.69,35.2132,1.41
其他,傳產-其他,jpp-KY,3.23,-1.26,18.19308,-0.89,74.91482,-10.02,449.66884,-3.3,1290.30158,68.46,18.19308,-0.89
電子–電腦及週邊設備,電子中游-機殼,晟銘電,5.5,0.41,18.88462,-5.75,97.75744,-11.51,523.96381,4.68,2716.61921,-13.87,18.88462,-5.75
水泥工業,傳產-水泥,台泥,6.66,0.43,35.3428,1.08,114.08625,2.4,336.07497,1.96,1654.45393,-20.05,35.3428,1.08
其他,傳產-其他,世紀*,19.7,-4.2,13.37726,-2.87,26.43937,-2.87,104.92511,-20.29,1615.85722,-5.15,13.37726,-2.87
金融保險,金融-金控,第一金,3.12,-0.17,27.96761,0.85,302.8403,6.08,496.33167,2.07,1697.53206,14.66,27.96761,0.85
電子–半導體,電子下游-太陽能,中美晶,6.66,0,88.35766,8.86,175.20231,10.42,438.81126,-3.79,1701.26122,1.89,88.35766,8.86
電子–電腦及週邊設備,電子下游-筆記型電腦,宏碁,4.88,0,56.1583,-0.19,147.58248,-1.68,443.4004,-12.75,1266.20554,-23.73,56.1583,-0.19
電子–半導體,電子上游-IC-半導體設備,昇陽半導體,12.2,-1.3,237.57891,7.87,449.24599,17.07,814.97895,14.29,4311.85138,61.07,237.57891,7.87
綠能環保,傳產-綠能環保,金益鼎,0.08024,2.02,8.04425,4.2,50.84652,12.41,97.04252,37.12,256.1861,65.82,8.04425,4.2
電子–電子零組件,電子上游-PCB-製造,亞電,1.04,-1.9,8.71994,-0.14,74.10748,-6.25,258.28354,58.75,281.43916,92.41,8.71994,-0.14
電子–半導體,電子上游-IC-設計,安國,1.95,-2.02,30.63654,-12.98,145.4763,-12.06,697.09261,12.73,1581.58189,8.77,30.63654,-12.98
電子–電子零組件,電子上游-PCB-材料設備,中探針,1.79,0.2,11.19937,-1.17,47.8884,-3.62,273.75019,-3.25,575.7627,47.52,11.19937,-1.17
電子–光電,電子下游-數位相機,佳能,4.12,1.29,26.26504,-0.26,81.23159,-5.26,621.18374,-7.64,3148.35918,49.77,26.26504,-0.26
鋼鐵工業,傳產-航運,豐達科,0.05564,0.45,8.45733,6.76,19.13015,10.5,43.56969,-16.6,475.7015,21.58,8.45733,6.76
電子–其他電子,電子中游-變壓器與UPS,旭隼,6.67,3.02,53.12067,2.47,134.47908,-2.93,726.25039,-3.4,1481.97508,-42.5,53.12067,2.47
電子–半導體,電子上游-IC-封測,精材,22.7,-2.87,124.7406,25.54,154.08798,23.76,302.85855,23.76,1535.80801,-13.95,124.7406,25.54
電子–半導體,電子上游-IC-代工,世界,66.1,-0.46,193.17948,18.35,287.71387,18.48,534.31292,9.55,1833.31244,20.59,193.17948,18.35
電子–半導體,電子上游-IC-設計,瑞昱,10.8,-2.84,73.9079,8.18,335.39611,-0.94,759.86135,-2.76,3064.6961,7.81,73.9079,8.18
電子–通信網路,電子上游-半導體元件,全新,16.5,-2.33,45.22793,-0.99,149.22005,6.38,437.52647,-1.32,1889.52885,-0.58,45.22793,-0.99
化學工業,傳產-化學工業,晶呈科技,8.05,3.55,37.08853,5.14,144.41171,78.21,218.29578,57.31,397.87204,155.67,37.08853,5.14
金融保險,金融-金控,國泰金,7.54,-0.65,76.58922,0.79,523.84163,10.4,1119.74293,17,5394.185,25.47,76.58922,0.79
電子–其他電子,電子下游-其他,鼎炫-KY,0.06455,2.84,3.60777,-6.63,28.1193,-13.39,56.96212,16.33,161.87474,185.79,3.60777,-6.63
電子–電子零組件,電子上游-連接元件,詮欣,0.02533,-1.33,3.1557,-3.06,14.1335,61.13,16.70005,47.48,43.80438,-10.79,3.1557,-3.06
電子–光電,電子中游-光學鏡片,亞光,3.25,-1.4,55.56698,2.52,114.52249,3.26,313.89813,-7.47,5537.16404,-7.35,55.56698,2.52
電子–其他電子,傳產-塑膠,佶優,0.03752,0.7,8.92402,1.06,15.0535,26.39,18.17379,22.58,68.97323,2.48,8.92402,1.06
電子–通信網路,電子中游-通訊設備,昇達科,26.3,0.52,83.43516,13.55,266.32869,30.68,654.45813,70.58,2617.71879,106.89,83.43516,13.55
電子–光電,電子中游-儀器設備工程,晶彩科,5.28,0.96,40.33475,0.86,114.77334,4.56,303.06906,16.32,1038.27552,112.46,40.33475,0.86
電子–電子零組件,電子上游-被動元件,華新科,10.3,1.22,111.06429,4.7,223.84403,2.94,1196.72564,23.36,1684.55207,45.82,111.06429,4.7
電子–通信網路,電子中游-網通,啟碁,4.18,0.98,56.68324,3.54,102.69634,2.71,275.68384,-14.58,1155.07314,-13.17,56.68324,3.54
其他,傳產-其他,中租-KY,5.45,-1.42,57.29701,0.47,280.95029,5.47,531.24003,0.47,2055.18769,3.27,57.29701,0.47
電子–電子通路,電子上游-IC-通路,全達,0.00557,-1.15,2.28491,-10.03,9.05685,36.13,10.51099,30,21.02264,2.56,2.28491,-10.03
鋼鐵工業,傳產-鋼鐵,大成鋼,4.93,-0.7,49.46011,0.56,171.7934,-3.37,379.89579,-7.73,2785.90615,21.77,49.46011,0.56
電子–電子零組件,電子上游-連接元件,良維,6.01,-0.88,57.03171,-5.82,220.90971,-0.29,1013.3639,21.43,2307.82731,147.56,57.03171,-5.82
電子–光電,電子中游-LCD-零組件,瑞儀,1.86,0,30.77334,-1.21,101.82449,6.06,189.28252,-9.93,793.34491,-30.8,30.77334,-1.21
電子–半導體,電子上游-IC-半導體設備,京鼎,3.81,-1.79,19.91494,0.72,69.09572,-3.29,360.02687,-12.79,880.89892,-0.85,19.91494,0.72
電子–電腦及週邊設備,電子中游-磁碟陣列,普安,2.2,-2.73,24.18771,-0.15,91.72985,19.78,172.01092,48.31,233.17146,16.07,24.18771,-0.15
電子–電腦及週邊設備,電子下游-筆記型電腦,英業達,3.53,0,34.39591,0,101.44949,-5.51,428.54138,-5.19,1750.62705,-10.76,34.39591,0
電子–電子零組件,電子上游-PCB-製造,楠梓電,3.86,2.08,14.82475,-6.8,57.35671,-13.51,485.388,-1.03,1652.45209,115.29,14.82475,-6.8
化學工業,傳產-化學工業,雙鍵,4.14,5.71,29.2573,16.67,115.41765,49.94,136.96881,195.89,138.12866,162.03,29.2573,16.67
電子–電子零組件,電子上游-連接元件,嘉澤,36.1,0,99.72933,8.49,229.03057,7.66,716.57086,-3.77,3533.48192,-15.44,99.72933,8.49
電子–電子零組件,電子中游-散熱零組件,建準,4.85,1.3,23.2285,-4.05,77.6348,-2.84,712.68881,17.56,1512.28565,68.1,23.2285,-4.05
電機機械,傳產-其他,寶一,1.93,5.66,1.41871,0.62,5.24436,-2.87,21.81174,-18.13,1259.56255,15.88,1.41871,0.62
電子–其他電子,電子中游-儀器設備工程,洋基工程,5.07,-0.17,44.13222,4.84,169.54005,5.6,319.28613,29.71,1059.29574,47.56,44.13222,4.84
電子–其他電子,電子中游-機殼,鴻準,2.95,-0.51,23.80378,-4.05,62.35254,-9.2,354.26234,-12.43,2032.01395,-18.34,23.80378,-4.05
綠能環保,傳產-綠能環保,兆聯實業,3.83,-0.68,38.13202,5.92,178.09237,20.16,379.91677,28.6,824.49152,0,38.13202,5.92
電子–電子零組件,電子上游-PCB-材料設備,群翊,1.23,-0.17,15.4035,-1.67,79.90201,4.63,150.65875,8.49,426.20249,40.54,15.4035,-1.67
電子–電子零組件,電子上游-連接元件,廣宇,1.01,-0.84,12.75328,-3.62,47.05558,-1.03,264.5007,-11.62,2393.92203,31.23,12.75328,-3.62
電子–電腦及週邊設備,電子下游-筆記型電腦,仁寶,6.01,-1.5,35.76452,-1.15,123.57993,0.84,694.94797,-4.6,2333.07493,-13.2,35.76452,-1.15
化學工業,傳產-化學工業,材料*-KY,1.75,1.16,20.79925,-0.19,100.864,2.57,285.71716,-14.66,2997.97183,-36.34,20.79925,-0.19
鋼鐵工業,傳產-鋼鐵,長榮鋼,0.06354,0.49,7.67297,5.07,68.08017,-12.88,140.87912,-2.4,311.19973,30.23,7.67297,5.07
電子–電子零組件,電子上游-連接元件,鴻碩,0.02641,-2.81,2.27667,11.33,8.64008,90,11.53404,90,18.75715,7.14,2.27667,11.33
航運業,傳產-航運,萬海,3.22,-0.13,32.92039,0.51,125.75396,0.64,850.85918,3.94,4216.43382,5.46,32.92039,0.51
電子–半導體,電子上游-IC-代工,環宇-KY,1.62,2.15,8.49441,-8.32,198.59784,22.51,724.70918,52.92,4581.45043,69.64,8.49441,-8.32
電子–半導體,電子上游-IC-製造,強茂,2.31,0.13,36.66463,-0.75,213.53397,-12.83,1557.25485,8.31,2297.38206,73.96,36.66463,-0.75
電子–通信網路,傳產-電線電纜,聯光通,0.06925,0.55,7.66438,-14.22,80.65526,-21.93,160.01592,19.09,269.52462,8.63,7.66438,-14.22
金融保險,金融-金控,永豐金,4.51,-0.34,23.29596,2.1,152.43818,6.38,416.87098,11.66,1940.86523,38.19,23.29596,2.1
電子–半導體,電子上游-IP/ASIC,智原,6.59,-1.76,54.3287,0,112.49832,-0.29,510.03391,3.96,2582.12811,-16.43,54.3287,0
電子–電子零組件,電子下游-電腦周邊,群光,3.49,0,38.5546,-0.85,89.48471,-0.85,200.87783,-11.11,1212.99847,-19.15,38.5546,-0.85
塑膠工業,傳產-塑膠,台化,5.78,-2.45,33.79072,1.56,93.83087,0.31,377.17112,11.64,1162.17435,30.45,33.79072,1.56
金融保險,金融-金控,凱基金,3.92,-1.42,25.45492,2.03,149.73348,7.98,384.13859,16.56,1839.98537,12.75,25.45492,2.03
生技醫療,傳產-生技,保瑞,6.46,-4.61,26.75886,11.07,69.24242,5.86,277.54136,-16.49,1870.00401,-17.16,26.75886,11.07
電子–電腦及週邊設備,電子中游-二次電池,新普,2.17,0.41,20.59251,1.67,65.04781,3.41,143.53906,1.31,599.55229,-1.25,20.59251,1.67
電子–通信網路,電子中游-網通,是方,0.02522,-1.11,3.78823,-4.27,14.78953,0.87,35.82932,-7.09,103.14976,-11.54,3.78823,-4.27
電子–半導體,電子上游-IC-設計,廣穎,14.7,1.34,16.05344,25.16,30.64116,39.17,100.19344,43.92,152.17672,67.7,16.05344,25.16
電子–電子零組件,電子上游-PCB-材料設備,金居,4.34,1.57,385.30322,-7.94,1133.87093,0.39,2470.24322,15.12,9223.17935,392.75,385.30322,-7.94
電子–電子零組件,電子上游-連接元件,新日興,26.5,2.47,80.44658,10.12,177.82165,12.63,481.56686,-1.76,4234.37875,24.78,80.44658,10.12
電子–光電,電子中游-光學鏡片,玉晶光,10.6,6.3,18.34409,-4.67,101.15454,-3.71,269.72342,3.88,1202.14336,-1.33,18.34409,-4.67
電子–通信網路,電子下游-電信服務,遠傳,1.78,0.11,16.60665,0.91,79.35824,3.85,318.14158,-2.3,1351.89229,6.02,16.60665,0.91
化學工業,傳產-化學工業,三晃,0.03372,2.31,6.04153,-8.18,13.54651,35.27,15.39524,15.65,46.62909,2.02,6.04153,-8.18
電子–半導體,電子上游-IC-半導體設備,華景電,7.89,-0.73,33.95598,-10.47,182.75466,45.84,221.94078,40.74,765.6487,75.45,33.95598,-10.47
電子–半導體,電子上游-IC-設計,矽力*-KY,42.3,8.37,119.43422,15.4,184.41869,8.33,580.67395,-7.53,2312.83629,-40.1,119.43422,15.4
運動休閒,傳產-其他,寶成,2.35,1.46,19.87489,2.16,59.15566,0,185.34453,6.21,1098.1807,-8.03,19.87489,2.16
電子–其他電子,電子中游-儀器設備工程,倚強科,0.05846,-2.98,10.24138,-7.11,22.55435,19.9,31.18043,-3.03,175.04728,68.86,10.24138,-7.11
電子–光電,電子下游-太陽能,國碩,3.2,2.62,15.36785,-1.78,123.99789,7.83,171.23562,27.84,311.84977,88.59,15.36785,-1.78
電子–電子通路,電子上游-IC-通路,擎亞,3.65,1.74,24.88817,1.37,59.39968,-3.72,369.30178,14,1612.27404,50.38,24.88817,1.37
電子–電子零組件,電子中游-金屬製品,南俊國際,3.18,-1.08,22.47926,-6.92,79.90257,-6.78,386.79618,36.58,733.04947,114.49,22.47926,-6.92
電子–電子零組件,電子上游-PCB-製造,燿華,19.8,3.89,75.36884,8.82,170.65834,6.47,219.13189,11.07,636.2206,4.41,75.36884,8.82
電子–半導體,電子上游-IC-設計,旺玖,0.00764,0.88,1.96837,-10.59,5.78936,6.05,7.66178,9.62,19.56717,-6.63,1.96837,-10.59
電子–光電,電子中游-LCD-STN面板,正達,4.69,-1.35,18.11822,15.63,28.85385,19.53,71.50318,-4.35,439.93797,34.1,18.11822,15.63
食品工業,傳產-食品,統一,5.5,-0.4,46.74412,-1.95,266.32067,1.07,503.31875,-2.58,2212.36283,0.57,46.74412,-1.95
電子–其他電子,電子中游-EMS,金寶,3.49,1.1,30.84012,1.12,103.72974,-1.52,413.94084,2.72,811.29183,-3.16,30.84012,1.12
電子–光電,電子上游-LED照明及光元件,立碁,1.68,1.61,11.99548,-6.83,53.18797,-3.26,435.84745,28.2,1344.72545,45.63,11.99548,-6.83
生技醫療,傳產-生技,合一,8.59,10,10.39712,13.31,27.89821,3.62,92.18205,-0.32,530.54761,-18.08,10.39712,13.31
電子–通信網路,電子中游-通訊設備,統新,0.06184,0.56,8.50944,-9.3,103.95102,11.98,117.42812,24.72,170.37385,14.3,8.50944,-9.3
電子–其他電子,電子上游-PCB-材料設備,達航科技,0.04355,1.18,2.99367,-13.33,34.14792,-9.79,87.34699,45.69,121.60025,105.26,2.99367,-13.33
電子–半導體,電子上游-晶圓材料,IET-KY,9.11,1.92,47.22087,-7.42,409.17724,16.9,658.52724,96.58,1594.93352,253.88,47.22087,-7.42
電子–半導體,電子上游-IC-設計,點序,6.41,-7.26,37.3018,37.29,51.66118,54.01,138.07835,33.04,230.23488,182.3,37.3018,37.29
電子–電子通路,電子上游-IC-通路,聯強,6.44,1.11,32.99913,8.98,103.24678,3.27,318.30147,7.13,947.6819,-5.83,32.99913,8.98
電子–半導體,電子上游-IC-半導體設備,辛耘,1.48,0.73,31.23548,2.25,52.58834,6.72,140.56953,-9.42,1069.36896,-2.56,31.23548,2.25
電子–電腦及週邊設備,電子中游-主機板,青雲,0.06984,1.22,14.56436,-10.38,38.4616,10.51,65.74128,23.87,111.191,28.08,14.56436,-10.38
玻璃陶瓷,傳產-玻璃陶瓷,和成,1.63,10,2.33134,5.41,5.87928,8.82,15.58356,-5.85,151.12837,10.84,2.33134,5.41
汽車工業,傳產-汽車零組件,宇隆,1.19,0,11.39531,-5.02,30.45989,8.9,114.40529,2.97,676.3874,-5.89,11.39531,-5.02
數位雲端,電子中游-磁碟陣列,威聯通,0.02339,-0.75,6.88237,-11.97,27.78558,0,27.78558,0,27.78558,0,6.88237,-11.97
電子–電子零組件,電子上游-被動元件,信昌電,2.28,2.5,45.27939,-4.9,115.76619,-5.46,714.84878,29.49,858.23571,71.71,45.27939,-4.9
電子–電子零組件,電子上游-被動元件,佳邦,0.05752,0.73,10.00474,-0.12,24.89256,5.28,130.15911,17.36,258.21579,10.92,10.00474,-0.12
數位雲端,傳產-百貨,富邦媒,0.06773,0.73,7.08403,-1.45,25.0957,-4.22,62.57228,-17.71,242.40401,-32.84,7.08403,-1.45
電子–半導體,電子上游-IC-封測,捷創科技,1.16,-3.79,18.11812,-14.56,40.44911,0,40.44911,0,40.44911,0,18.11812,-14.56
電子–電子零組件,電子上游-被動元件,九豪,4.86,2.86,41.68407,7.48,128.07585,29.05,174.85775,60.04,212.26097,43.73,41.68407,7.48
建材營建,傳產-營建,中工,1.18,1.93,4.39544,1.17,25.65849,-2.26,167.02008,25.36,285.34269,38.5,4.39544,1.17
電子–半導體,電子上游-IC-封測,華東,60.8,-3.58,287.98684,26.92,768.61093,51.57,1580.62799,209.59,1765.16639,480.8,287.98684,26.92
其他,傳產-航運,晟田,2.7,10,1.77738,0.73,6.49288,-0.84,33.44267,-14.96,1191.51877,36.2,1.77738,0.73
化學工業,傳產-化學工業,台特化,28.1,0.54,122.60165,17.09,182.21834,20.33,467.35845,12.12,1916.96068,85.73,122.60165,17.09
建材營建,傳產-營建,工信,6.22,9.98,24.01334,-5.57,78.06216,40.89,108.54126,87.66,157.14361,123.63,24.01334,-5.57
電子–通信網路,電子中游-網通,中磊,2.06,-0.63,22.14781,-1.01,36.80487,-4.95,83.67918,-19.92,656.85517,-27.05,22.14781,-1.01
電子–電腦及週邊設備,電子下游-筆記型電腦,神基,2.38,1.31,19.13559,-2.14,58.52241,-4.98,173.93023,-21.84,1051.05563,6.62,19.13559,-2.14
貿易百貨,傳產-百貨,統一超,1.41,0.92,31.40493,-1.35,98.61491,-4.79,297.87247,-10.63,975.2036,-12.98,31.40493,-1.35
電子–光電,電子下游-太陽能,茂迪,2.45,-1.83,15.48397,1.86,76.7565,25.86,88.48553,30.36,154.03259,16.37,15.48397,1.86
金融保險,金融-金控,兆豐金,4.67,0,28.78892,1.13,151.73327,-0.61,420.79363,-2.88,1821.00762,9.27,28.78892,1.13
電子–其他電子,電子中游-儀器設備工程,巨漢,1.97,2.9,25.25773,-5.49,112.40106,33.73,129.98266,56.1,159.08851,90.83,25.25773,-5.49
汽車工業,傳產-汽車,裕隆,1.67,-1.72,8.62928,-3.62,49.61565,-3.91,140.84284,-3.33,333.0665,-26.75,8.62928,-3.62
化學工業,傳產-化學工業,台肥,1.31,-0.43,7.69625,-2.72,28.10038,-1.38,61.18288,-4.81,233.70948,-1.8,7.69625,-2.72
化學工業,傳產-化學工業,長興,25.4,-1.74,194.0169,26.65,243.41927,27.9,389.22189,25.42,902.76364,98.7,194.0169,26.65
電子–半導體,電子上游-IC-設計,義隆,2.34,0.85,11.41386,-0.42,55.3311,-7.45,128.52046,-8.88,673.66017,-13.41,11.41386,-0.42
電子–其他電子,電子中游-儀器設備工程,友威科,1.02,-3,10.682,7.52,16.51993,18.81,21.57315,14.73,144.75852,-4.57,10.682,7.52
電器電纜,傳產-電線電纜,大亞,1.04,-0.65,8.55307,0.92,36.64474,-2.42,147.4428,-8.81,655.20629,-0.6,8.55307,0.92
電子–電腦及週邊設備,電子中游-NB與手機零組件,銘異,6.85,-9.44,34.60457,15.12,142.92525,19.84,222.97069,56.87,292.36599,65.31,34.60457,15.12
航運業,傳產-航運,台灣虎航,0.098,-0.3,3.99291,3.41,24.26108,-0.6,69.39123,-11.42,958.19995,-19.04,3.99291,3.41
電子–通信網路,電子下游-消費電子,美律,2.26,-1.39,12.92365,3.38,56.97044,1,153.24217,-0.49,723.03127,5.09,12.92365,3.38
紡織纖維,傳產-紡織纖維,儒鴻,7.19,0.25,25.78575,5.07,61.10107,1.38,190.05992,-8.91,894.58382,-18.06,25.78575,5.07
電子–電子通路,電子上游-IC-通路,利機,0.00807,0.27,1.19543,-1.34,12.98237,38.16,16.66192,18.17,51.16931,1.81,1.19543,-1.34
生技醫療,傳產-生技,禾榮科,1.28,-2.17,16.559,-13.4,54.71717,-34.4,158.0914,-35.9,294.7349,0,16.559,-13.4
電子–光電,電子中游-其他,乙盛-KY,1,1.94,8.53175,0.26,27.34161,-6.18,152.98589,6.61,323.11539,33.33,8.53175,0.26
電子–電子零組件,電子上游-被動元件,晶技,1.41,0.88,10.71976,-0.87,28.20782,-6.24,88.78488,-10.35,347.60235,-15.5,10.71976,-0.87
電子–其他電子,電子上游-PCB-材料設備,聯策,0.03061,-3.13,2.37963,-1.88,8.50118,16.63,11.98062,-3.69,268.40116,-10.77,2.37963,-1.88
電子–通信網路,電子上游-被動元件,璟德,1.29,0.71,5.84733,-3.74,36.5218,26.34,42.33224,24.12,86.71708,-4.96,5.84733,-3.74
電子–光電,電子中游-LCD-TFT面板,彩晶,16.2,-9.87,45.82454,49.36,58.15578,60.91,73.63443,45.99,150.51459,53.69,45.82454,49.36
化學工業,傳產-化學工業,中華化,3.56,-2.03,48.40359,7.96,105.55094,21.09,182.77509,17.88,356.73589,70.99,48.40359,7.96
生技醫療,傳產-生技,東洋,0.02898,0.49,2.28443,0.61,9.97479,-2.96,40.33106,1.74,127.30661,16.61,2.28443,0.61
電子–半導體,電子上游-晶圓材料,合晶,4.35,-2.37,47.51976,9.74,95.44507,16.55,226.71536,7.81,504.39959,45.69,47.51976,9.74
電子–電子通路,電子上游-半導體元件,崇越,0.09718,0.17,10.06961,3.61,36.07044,-1.47,146.33712,-4.44,450.62064,11.4,10.06961,3.61
橡膠工業,傳產-橡膠,正新,3.54,-1.15,21.69904,3.05,56.1714,-2.09,166.73796,-15.44,635.79724,-35.74,21.69904,3.05
電子–半導體,電子上游-IC-封測,同欣電,1.88,0,18.84345,-7.87,88.21796,-0.81,188.95156,11.31,455.44482,6.75,18.84345,-7.87
電子–光電,電子中游-LCD-零組件,華宏,1.92,-2.58,7.25118,15.9,10.10209,30.03,12.30063,20.99,46.61474,13.73,7.25118,15.9
電子–半導體,電子上游-IC-代工,宏捷科,2.79,0.91,15.11545,3.29,56.83091,0.46,177.29337,-2.22,593.143,12.84,15.11545,3.29
電子–光電,電子上游-LED照明及光元件,冠西電,2.06,1.78,4.9112,1.36,28.41118,16.23,44.9279,19.54,249.1004,-15.88,4.9112,1.36
電子–通信網路,電子上游-LED照明及光元件,萊德光電-KY,0.03206,-1.31,3.08577,5.55,37.97915,45.51,60.3099,0,60.3099,0,3.08577,5.55
電子–電子通路,電子中游-儀器設備工程,蔚華科,0.04144,3.43,2.80687,-10.03,23.46481,-4.63,36.98761,18.64,97.41549,5.77,2.80687,-10.03
運動休閒,傳產-其他,鈺齊-KY,1.02,3,4.96551,-1.96,16.95459,-7.41,104.79267,-2.91,511.56955,-10.69,4.96551,-1.96
電子–半導體,電子上游-IC-設計,宏觀,1.08,3.59,2.44054,-3.46,13.87054,20.1,16.55092,9.13,91.09172,-8.28,2.44054,-3.46
電子–電腦及週邊設備,電子下游-顯示器,佳世達,0.09605,0.21,9.79729,2.55,37.05779,-10.58,84.27524,-23.73,371.69181,-31.9,9.79729,2.55
電子–半導體,電子上游-IC-設計,沛亨,0.05421,-2.14,6.52076,-4.35,52.57705,6.55,113.32269,30.77,226.02791,157.08,6.52076,-4.35
電子–其他電子,電子上游-連接元件,匯鑽科,3.16,-2.92,38.63921,16.74,95.50436,35.16,108.52963,101.33,152.84381,39.87,38.63921,16.74
電機機械,傳產-電機,東台,0.02634,1.46,4.37208,-3,16.38978,-4.5,40.33248,-7.66,446.31278,8.08,4.37208,-3
電子–半導體,電子上游-IC-設計,威盛,1.21,-0.99,7.66305,-2.88,96.4668,-19.04,154.77457,-7.83,606.84524,-40.77,7.66305,-2.88
電子–資訊服務,軟體-系統整合,零壹,0.05593,0,4.75075,-0.44,17.34717,-0.44,57.94638,-1.32,1266.18513,-5.32,4.75075,-0.44
電子–其他電子,電子中游-其他,竹陞科技,1.15,1.98,21.96508,-5.49,89.52024,-7.47,254.96749,-16.94,861.02893,256.01,21.96508,-5.49
運動休閒,傳產-其他,志強-KY,1.44,-0.48,5.88239,-1.42,13.3138,-9.96,59.83766,-11.86,451.12706,-10.21,5.88239,-1.42
綠能環保,傳產-綠能環保,昶昕,0.01772,-2.5,7.2288,23.87,10.78779,77.74,11.72919,68.51,23.53781,84.7,7.2288,23.87
電子–電子零組件,電子上游-PCB-材料設備,川寶,0.00507,1.15,0.9402,-9.27,4.07656,3.57,5.99907,2.22,35.92342,-9.14,0.9402,-9.27
電子–半導體,電子上游-IC-設計,神盾,1.16,-2.97,9.18753,-2.07,33.18884,-10.61,248.77753,-7.09,900.83384,-19.18,9.18753,-2.07
化學工業,傳產-化學工業,南寶,1.04,0.78,6.2757,2.23,19.70274,0,75.91653,-14.95,605.15505,7.8,6.2757,2.23
電子–半導體,電子上游-IC-封測,頎邦,1.14,-1.46,13.82824,1.48,30.05184,3.01,96.31389,-3.36,410.32179,-6,13.82824,1.48
電子–電子零組件,電子下游-電腦周邊,致伸,2.54,2.98,18.48618,0.39,47.00901,-2.03,141.12711,1.31,463.20993,5.89,18.48618,0.39
電子–電子零組件,電子上游-被動元件,臺慶科,3.09,1.59,45.18329,7.17,65.96331,0.64,263.50014,12.14,338.81047,46.05,45.18329,7.17
電子–半導體,電子上游-IC-封測,典範,0.08382,0,3.83099,5.8,12.57903,21.6,23.46286,18.13,35.17918,67.65,3.83099,5.8
電子–電子零組件,電子下游-資訊通路,好德,0.00387,-0.96,0.38059,-3.7,2.17603,3.17,3.16917,-1.14,6.70072,9.01,0.38059,-3.7
電子–光電,電子下游-太陽能,聯合再生,1.57,-4.03,8.31917,9.52,37.06134,45.98,51.90389,48.27,107.41034,4.2,8.31917,9.52
電機機械,電子上游-IC-其他,易發,0.04985,0.6,3.63973,-2.47,25.40792,1.22,59.65295,17.07,141.61322,33.23,3.63973,-2.47
電子–電腦及週邊設備,電子下游-工業電腦,研華,4.41,0.7,22.18881,-0.87,83.39915,0.35,327.33094,-10.92,1519.60965,-18.1,22.18881,-0.87
汽車工業,傳產-汽車,吉茂,1.57,4.75,4.6301,2.23,30.71473,15.96,51.02817,31.51,86.52035,55,4.6301,2.23
電子–半導體,電子上游-IC-設計,天鈺,1.61,-2.03,19.2791,3.14,41.14141,6.09,75.46083,-8.07,273.94796,-28.52,19.2791,3.14
食品工業,傳產-食品,卜蜂,1.55,1.1,7.42902,3.8,69.08169,-4.55,162.06141,-2.5,346.6156,55.2,7.42902,3.8
電子–其他電子,電子中游-儀器設備工程,信紘科,0.09234,0.19,9.37218,-3.37,48.07744,1.18,102.42636,0,743.42487,63.63,9.37218,-3.37
電子–半導體,電子上游-IC-代工,全訊,0.05708,-0.76,3.54863,1.55,11.84521,1.95,63.14748,-15.48,257.89593,37.24,3.54863,1.55
電機機械,傳產-電機,中興電,3.43,0.69,17.73821,-3.01,79.23964,-3.33,387.78488,-6.75,2145.41559,-2.24,17.73821,-3.01
電子–電子零組件,電子上游-被動元件,金山電,8.85,10,42.71086,8.21,84.94432,-1.19,319.06195,44.46,374.66679,64.12,42.71086,8.21
綠能環保,傳產-綠能環保,上緯投控,0.08243,0.92,4.52151,-1.8,24.7223,4.81,114.12674,-6.03,679.06957,38.38,4.52151,-1.8
電子–電腦及週邊設備,電子中游-主機板,華擎,1.55,1.45,12.26836,-2.42,47.36567,-2.22,178.85824,-18.93,734.8509,12.19,12.26836,-2.42
電子–光電,電子上游-PCB-材料設備,達興材料,4.19,-1.76,54.28382,6.48,90.30542,12.82,218.87174,-1.47,1143.87251,97.7,54.28382,6.48
電子–電子零組件,電子上游-PCB-製造,博智,4.09,4.71,9.02519,1.19,46.43483,-9.09,192.84866,3.03,741.03826,71.1,9.02519,1.19
電子–通信網路,傳產-電線電纜,萬泰科,4.36,2.35,18.38464,6.73,79.36005,10.64,132.43435,14.57,544.95653,51.07,18.38464,6.73
其他,傳產-鋼鐵,統一實,0.08923,1.36,3.8573,3.37,20.19285,-2.65,50.34933,2.51,189.93732,32.37,3.8573,3.37
電機機械,傳產-電機,上銀,4.08,1.8,21.84572,0,64.37795,-2.27,292.60347,-9.98,3154.76374,-31.13,21.84572,0
電子–光電,電子中游-機殼,能率,0.06785,-0.64,13.33279,-1.36,35.17788,-4.28,177.92173,-5.43,841.74316,59.7,13.33279,-1.36
金融保險,金融-保險,三商壽,0.05819,-0.13,6.06864,-2.5,32.30989,2.63,107.72437,27.66,205.47098,29.14,6.06864,-2.5
電子–光電,電子上游-LED照明及光元件,銘旺科,0.02756,-0.13,1.97291,-5.11,12.63964,-8.31,50.5568,-37.62,784.78954,151.16,1.97291,-5.11
電子–電子零組件,電子上游-被動元件,凱美,2.52,2.25,27.99626,-2.42,67.87752,-8.17,642.46412,14.73,935.51728,50.28,27.99626,-2.42
電子–電子零組件,電子上游-被動元件,立隆電,3.48,3.29,47.93874,-0.47,92.7618,-3.18,470.91162,24.27,963.55776,40.33,47.93874,-0.47
電子–電子零組件,電子上游-連接元件,信邦,1.56,2.12,16.61622,-2.08,44.99972,-13.33,162.58597,-14.32,935.2688,-22.75,16.61622,-2.08
電子–半導體,電子上游-IC-封測,菱生,5.11,0.81,33.28955,8.81,68.41684,7.39,148.46203,19.9,221.79732,55.64,33.28955,8.81
電子–電子通路,電子上游-IC-通路,益登,1.75,1.32,50.89234,0,93.79905,-0.95,207.53678,12.15,345.14786,47.34,50.89234,0
電子–電子零組件,電子上游-被動元件,鈞寶,4.7,5.71,22.91082,3.29,65.13435,0.44,133.61297,89.58,140.96089,100.71,22.91082,3.29
電子–半導體,電子上游-IC-封測,久元,0.06517,3.85,3.74907,3.54,9.01181,9.86,13.38066,18.38,34.70413,25.63,3.74907,3.54
電子–電腦及週邊設備,電子中游-PC介面卡,圓剛,0.02685,-1.4,3.47343,1.03,10.17693,6.66,15.50403,-2.36,202.26349,-11.02,3.47343,1.03
電子–半導體,電子上游-IC-設計,原相,2.08,0.48,19.30007,1.98,45.48691,0.49,206.5579,-13.6,1842.23729,-3.57,19.30007,1.98
電子–通信網路,電子上游-半導體元件,聯亞,3.77,-2.71,19.72387,2.28,289.41225,8.85,943.03022,47.36,3297.15916,70.39,19.72387,2.28
航運業,傳產-航運,慧洋-KY,7.04,2.45,11.95111,2.36,55.87481,0.43,289.80389,11.56,1402.45776,15.22,11.95111,2.36
電子–電子通路,電子上游-IC-通路,華立,0.09279,0.92,6.88358,0.93,37.84645,-8.05,93.62705,17.93,240.07613,3.3,6.88358,0.93
電子–半導體,電子上游-IC-設計,瑞鼎,1.17,-0.9,14.87765,-2.63,65.8096,5.97,114.29524,-16.38,294.7073,-37.57,14.87765,-2.63
金融保險,金融-銀行,台中銀,1.55,0,8.2316,0,41.51535,-0.95,99.3419,-5.24,387.44388,22.35,8.2316,0
綠能環保,電子中游-儀器設備工程,世禾,1.99,3.95,28.95044,-4.52,99.68098,-1.55,200.57736,9.51,745.43923,46.99,28.95044,-4.52
航運業,傳產-航運,新興,3.48,2.6,8.37796,3.45,50.36635,-3.41,180.69911,19.51,365.4564,16.36,8.37796,3.45
電子–電子零組件,電子中游-二次電池,長園科,2.85,8.6,4.04004,11.81,12.11554,14.32,32.81418,9.18,118.27703,103.04,4.04004,11.81
其他,傳產-其他,裕融,1.21,0.25,9.18842,-4.91,32.01254,-12.1,63.97177,-16.85,219.22619,-19.25,9.18842,-4.91
電子–電子零組件,電子上游-連接元件,金橋,0.02135,0.75,1.87416,-3.85,22.98295,7.24,31.70396,20.48,61.07491,14.94,1.87416,-3.85
鋼鐵工業,傳產-鋼鐵,沛波,0.00435,-0.24,0.34222,-1.17,1.67528,11.87,2.63985,4.95,12.88585,-12.9,0.34222,-1.17
航運業,傳產-航運,裕民,4.73,1.3,18.48819,1.66,95.24053,-2.54,323.65013,12.04,1508.65333,9.92,18.48819,1.66
電子–半導體,電子上游-IC-設計,創惟,5.62,9.85,6.39829,-1.28,35.54928,-12,78.89923,-16,1027.90121,-34.82,6.39829,-1.28
其他,傳產-其他,能率亞洲,0.01278,0.62,1.82928,-11.13,7.10524,0,7.10524,0,7.10524,0,1.82928,-11.13
電子–電腦及週邊設備,電子中游-主機板,映泰,0.04121,1.42,11.95409,-5.93,39.62829,-1.6,114.02071,12.84,193.01178,2.07,11.95409,-5.93
電子–半導體,電子上游-IC-封測,訊芯-KY,1.14,-1.29,8.21731,-6.93,57.01525,-7.49,128.66278,9.57,772.5108,-32.07,8.21731,-6.93
航運業,傳產-航運,台船,0.06154,0,3.64719,0.5,12.1012,-2.43,71.8486,-14.65,410.88057,40.56,3.64719,0.5
電子–半導體,電子上游-IC-導線架,順德,0.06302,-0.81,4.59045,-4.77,11.98768,-6.46,96.84466,-8.99,348.48246,-11.47,4.59045,-4.77
生技醫療,傳產-生技,訊聯,0.02528,-1.87,2.9104,3.38,18.10437,6.47,47.1587,32.92,88.75939,36.76,2.9104,3.38
電子–電腦及週邊設備,電子中游-機殼,營邦,17.8,-2.95,11.15525,27.19,30.20398,33.9,147.51047,31.67,492.32589,17.65,11.15525,27.19
電子–半導體,電子上游-IC-製造,德微,0.022,0.75,2.33646,0.37,7.25887,-0.74,69.37674,-7.59,212.73283,-27.78,2.33646,0.37
電子–電子通路,電子上游-IC-導線架,長華*,1.46,0.77,7.86833,4.03,34.0506,-0.48,113.85242,1.05,452.01986,17.43,7.86833,4.03
電機機械,傳產-電機,亞力,1.84,1.66,7.82912,-2.91,59.87314,-1.53,249.49148,-4.83,1163.90021,9.54,7.82912,-2.91
電子–其他電子,電子下游-其他,所羅門,1.12,-1.89,32.29606,5.18,49.41453,-0.38,178.90617,-2.22,1620.97595,-7.96,32.29606,5.18
建材營建,傳產-營建,冠德,0.06326,0.61,5.33831,-3.41,42.99269,-0.91,65.35124,-2.54,353.4833,-20.76,5.33831,-3.41
電子–半導體,電子上游-晶圓材料,漢磊,4.13,-4.95,47.40902,9.27,74.50388,12.97,241.55957,-2.75,944.31721,39.07,47.40902,9.27
鋼鐵工業,傳產-鋼鐵,世紀鋼,1.26,-2.21,13.37726,-2.87,26.43937,-2.87,104.92511,-20.29,1615.85722,-5.15,13.37726,-2.87
電子–電子零組件,電子中游-電源供應器,僑威,0.06017,-0.15,5.62268,-3.15,19.6698,-4.25,54.95755,-10.94,1036.45796,-8.75,5.62268,-3.15
建材營建,傳產-營建,皇昌,0.08067,0,15.29023,3.99,30.61938,4.52,107.67736,-14.94,1526.27284,9.98,15.29023,3.99
運動休閒,傳產-高爾夫球,復盛應用,0.08593,0.38,5.01605,2.74,29.73116,6.71,60.90028,2.74,468.15511,-15.06,5.01605,2.74
化學工業,傳產-化學工業,康普,0.04734,0.74,5.09194,3.53,16.88546,-10.95,47.57565,-3.71,152.16565,32.59,5.09194,3.53
電子–半導體,電子上游-IC-半導體設備,公準,0.00489,1.54,0.72747,-3.62,4.10748,19.59,4.97581,3.35,18.58817,-6.36,0.72747,-3.62
電子–其他電子,傳產-其他,旭暉應材,0.00868,3.1,1.80545,4.7,3.175,5.9,5.17253,-6.38,29.36631,-5.83,1.80545,4.7
電子–其他電子,電子上游-IC-其他,汎銓,2.42,1.37,10.55048,5.17,28.28347,8.93,46.43691,13.31,252.8867,15,10.55048,5.17
汽車工業,傳產-汽車,和泰車,0.09703,0.19,9.75478,-2,52.71782,-8.8,111.16695,-6.26,425.88719,-6.98,9.75478,-2
金融保險,金融-銀行,彰銀,2.96,0,43.11407,0.24,101.49536,-0.24,271.32375,1.49,995.0729,24.77,43.11407,0.24
運動休閒,傳產-其他,豐泰,2.4,-4.04,9.63486,-4.29,26.3217,-9.35,69.22529,-14.89,301.73026,-10.47,9.63486,-4.29
電子–電子零組件,電子上游-PCB-材料設備,亞泰金屬,0.0356,0.29,6.76364,-4.18,29.10331,-3.37,57.87196,-8.51,148.41399,127.48,6.76364,-4.18
紡織纖維,傳產-紡織纖維,聚陽,8.01,2.75,21.29396,7.28,85.80685,4.92,241.79464,11.13,1159.18573,-2.64,21.29396,7.28
汽車工業,傳產-汽車零組件,東陽,1.05,-0.42,10.55885,-1.86,61.55412,3.59,177.78219,4.04,998.08025,-9.03,10.55885,-1.86
電子–電子零組件,電子上游-被動元件,千如,2.24,4.21,18.744,5.13,53.54478,6.64,144.35368,56.73,160.19561,59.51,18.744,5.13
電子–電子零組件,電子上游-連接元件,瀚荃,5.53,-1.34,22.52413,12.82,69.02677,5.56,195.12877,56.36,293.59704,92.68,22.52413,12.82
鋼鐵工業,傳產-鋼鐵,中鴻,1.17,-1.21,13.74607,5.08,28.03364,10.33,52.05421,5.41,404.13008,1.53,13.74607,5.08
油電燃氣,傳產-塑膠,台塑化,2.7,0.32,14.44936,-0.42,46.90461,-7.03,252.71149,16.67,798.61296,38.45,14.44936,-0.42
電子–光電,電子中游-LCD-TFT面板,州巧,3.51,10,3.45643,1.8,21.37869,-9.38,132.81065,19.89,289.90684,95.76,3.45643,1.8
電子–其他電子,電子中游-變壓器與UPS,碩天,1.93,-1.55,7.60856,-8.75,19.91132,-1.53,60.613,-19.25,320.38122,-41.81,7.60856,-8.75
化學工業,電子上游-PCB-材料設備,上品,1.5,2.74,8.98335,2.6,21.79803,1.28,52.89513,-13.03,615.25765,-14.47,8.98335,2.6
汽車工業,傳產-汽車零組件,帝寶,1.02,3.27,3.34035,-1.43,20.38414,1.1,61.94314,3.77,232.05885,-31.32,3.34035,-1.43
電子–電子零組件,電子上游-PCB-製造,騰輝電子-KY,0.09923,3.4,4.56477,-4.64,20.22579,0.34,42.59533,-1.67,466.15626,15.99,4.56477,-4.64
汽車工業,傳產-汽車零組件,為升,0.0614,0.84,2.85257,2.69,9.94568,-0.52,63.8296,-19.83,300.79087,-1.22,2.85257,2.69
電子–電子零組件,電子中游-電源供應器,華容,1.47,3.69,8.02199,-1.21,29.75376,-7.29,167.16572,21.86,218.80118,40.73,8.02199,-1.21
金融保險,金融-金控,華南金,1.08,0.63,14.24534,1.61,145.00157,2.61,283.53863,7.69,975.55082,24.02,14.24534,1.61
居家生活,傳產-其他,億豐,1.67,-0.66,12.6347,4.99,61.54415,-3.93,200.62359,-5.96,798.10927,-5.53,12.6347,4.99
電子–半導體,電子上游-晶圓材料,台勝科,5.96,-2.64,52.35041,19.35,76.71983,14.3,185.85243,8.1,431.11159,37.69,52.35041,19.35
電子–電子零組件,電子上游-連接元件,鉅祥,1.76,0.77,10.18431,4.85,25.1053,1.23,93.28965,-10.54,607.42605,16.84,10.18431,4.85
電子–半導體,電子上游-IC-設計,類比科,0.00713,-1.1,1.44231,-2.86,3.90027,-0.73,10.08295,18.52,20.01748,1.57,1.44231,-2.86
其他,傳產-其他,天品,0.04939,1.87,2.14594,-0.93,5.59169,10.77,12.95533,9.41,91.51249,-15.42,2.14594,-0.93
其他,傳產-營建,潤泰新,1.43,0,14.38694,-1.68,37.83188,0.69,93.46758,0.69,512.03901,-24.74,14.38694,-1.68
建材營建,傳產-營建,華固,0.07302,0.44,4.0334,-1.72,39.32109,10.1,72.01868,15.66,282.28889,19.47,4.0334,-1.72
水泥工業,傳產-水泥,亞泥,1.44,0,28.27622,-0.27,111.0757,-3.01,188.09353,0.41,806.53541,-0.48,28.27622,-0.27
其他,傳產-水泥,國統,0.0603,1.31,3.11742,-3.25,13.51116,-5.13,88.79157,-0.43,293.33028,11.13,3.11742,-3.25
生技醫療,傳產-生技,晶碩,0.0466,-0.86,4.24633,1.75,14.05649,0,58.18536,-5.23,208.91367,-15.75,4.24633,1.75
建材營建,傳產-營建,國產,0.04269,1.22,6.86147,-2.77,37.4036,5.14,68.98544,7.28,349.88946,-8.13,6.86147,-2.77
運動休閒,傳產-其他,波力-KY,0.00983,-0.88,1.4045,-5.83,7.07882,7.99,10.3845,7.99,87.80417,-38.08,1.4045,-5.83
建材營建,傳產-營建,興富發,1.5,1.52,7.20287,-2.11,42.2957,4.24,108.1539,1.03,480.25806,4.6,7.20287,-2.11
電子–電子零組件,電子上游-連接元件,宏致,0.07623,-1.64,8.75145,-2.09,20.13753,-2.25,73.99595,-10.31,932.03163,35.33,8.75145,-2.09
電子–半導體,電子上游-IC-半導體設備,雍智科技,1.85,1.55,11.78035,-6.62,48.50302,-13.59,178.18224,5.15,734.32043,-14.02,11.78035,-6.62
電子–電子零組件,電子上游-連接元件,佳必琪,1.49,0.34,32.19967,6.47,48.39746,14.29,132.5781,-8.07,688.77504,16.84,32.19967,6.47
電機機械,傳產-電機,亞德客-KY,6.82,1.73,25.53063,5.59,90.25414,6.62,401.21148,14.05,1832.46397,20.48,25.53063,5.59
電子–其他電子,電子下游-其他,達明,0.05156,-0.3,8.42927,-1.04,21.1959,-3.6,103.89565,-19.2,181.90665,0,8.42927,-1.04
金融保險,金融-證券,群益證,4.04,-1.11,23.05589,13.15,58.6127,7.33,109.15755,8.84,411.23376,4.19,23.05589,13.15
電子–半導體,電子上游-IC-半導體設備,均豪,2.69,0.31,40.122,12.16,52.78108,8.98,115.58732,-3.03,1031.83321,-1.22,40.122,12.16
鋼鐵工業,傳產-鋼鐵,允強,0.03812,-0.48,3.37265,-2.8,9.2988,4.79,21.68453,5.85,163.90402,18.32,3.37265,-2.8
綠能環保,電子下游-太陽能,泓德能源,0.05042,1.68,2.21867,-3.34,11.70372,-7.38,60.21909,-23.06,473.13746,-40.8,2.21867,-3.34
電子–電子零組件,電子上游-被動元件,立敦,1.14,2.51,19.26573,0.58,59.95971,-2.26,220.99606,32.65,329.03294,54.58,19.26573,0.58
電子–電子零組件,電子中游-機殼,偉訓,0.02358,-0.27,2.40326,-3.49,9.02635,-5.93,72.58547,-18.65,838.63124,-8.37,2.40326,-3.49
塑膠工業,傳產-塑膠,中石化,1.61,-1.5,9.50014,3.22,26.02228,2.69,201.71866,9.41,349.34257,15.56,9.50014,3.22
電子–光電,電子下游-數位相機,華晶科,0.07419,0.62,4.84858,-0.37,14.40098,-5.41,88.25942,-19.44,1171.27995,13.91,4.84858,-0.37
電子–電腦及週邊設備,電子中游-NB與手機零組件,加百裕,1.36,2.05,4.92924,-2.49,52.14439,0.39,135.17272,-11.24,855.41075,14.06,4.92924,-2.49
航運業,傳產-航運,星宇航空,0.06211,0.65,5.04106,-1.69,16.39483,1.09,53.81708,-5.5,325.06781,-14.07,5.04106,-1.69
電子–光電,電子下游-太陽能,碩禾,0.03619,2.06,1.78843,-3.24,14.66468,4.86,19.28702,7.77,81.66841,14.94,1.78843,-3.24
電子–半導體,電子上游-IC-設計,矽統,2.86,1.24,13.88981,3.43,27.82496,-2.23,135.60183,-16.61,832.8672,-20,13.88981,3.43
電子–半導體,電子上游-IC-半導體設備,均華,8.46,0.4,36.36986,17.59,53.57451,20.65,108.36592,12.42,677.78127,40.97,36.36986,17.59
汽車工業,傳產-汽車零組件,劍麟,2.08,0.46,8.492,2.84,41.01724,-1.36,94.77542,12.44,313.48661,32.25,8.492,2.84
電子–電子零組件,電子中游-電源供應器,飛宏,0.07734,-1.41,5.94025,-0.35,29.90246,-7.64,160.49561,16.16,248.20874,-11.94,5.94025,-0.35
化學工業,傳產-化學工業,永光,2.02,2.92,25.12328,7.31,34.32554,12.6,52.65521,4.85,181.0483,4.1,25.12328,7.31
電機機械,傳產-自行車,精確,1.03,3.21,8.63393,1.9,30.72415,-8.23,194.21747,15.43,608.78023,53.67,8.63393,1.9
綠能環保,電子下游-太陽能,雲豹能源,0.0582,1.32,2.67883,-0.77,12.33575,-3.51,56.20558,-23.14,508.43636,-38.12,2.67883,-0.77
鋼鐵工業,傳產-鋼鐵,榮剛,0.04285,-0.46,4.14949,1.71,13.98564,5.66,45.01826,-6.45,296.40758,-22.58,4.14949,1.71
其他,傳產-其他,中鼎,0.08072,0.16,3.45732,1.94,17.72891,-6.8,64.39684,3.11,376.31934,-8.75,3.45732,1.94
電子–通信網路,電子中游-網通,正文,0.0458,-0.38,3.53397,-2.05,29.13772,-3.31,69.89982,2.14,157.66995,-9.4,3.53397,-2.05
電子–通信網路,電子中游-網通,光環,0.03764,-1.88,5.45439,-5.34,22.42812,-1.74,50.79579,39.08,134.0926,4.63,5.45439,-5.34
電子–電子零組件,電子上游-連接元件,正崴,0.05061,1.23,3.31762,-0.81,9.43697,-6.63,53.58283,-25.38,386.55936,-41.34,3.31762,-0.81
電子–其他電子,電子中游-儀器設備工程,漢科,3.79,0.73,32.08165,2.23,53.36346,14.11,87.21045,11.34,236.03989,39.91,32.08165,2.23
電子–半導體,電子上游-IC-設計,立積,0.0937,0,5.77889,-1.59,17.56031,-8.82,146.63253,-20.26,898.66598,-27.57,5.77889,-1.59
電子–電腦及週邊設備,電子中游-主機板,精英,0.07492,-1.29,5.51161,5.19,48.69776,8.62,65.02034,14.78,138.05453,15.81,5.51161,5.19
生技醫療,傳產-生技,順藥,0.05845,3.02,2.11284,-6.43,6.95124,-4.21,62.58752,-36.03,229.22305,-30.27,2.11284,-6.43
貿易百貨,傳產-百貨,遠百,0.04924,0.67,2.96034,1.14,21.54502,-4.91,51.86876,0,170.35346,14.99,2.96034,1.14
運動休閒,傳產-其他,來億-KY,1.84,3.73,9.1278,-3.79,43.39328,-13.46,213.68693,-2.23,1045.56484,-44.17,9.1278,-3.79
生技醫療,傳產-生技,太景*-KY,1.87,-1.92,6.64761,16.42,19.72638,36.24,27.05654,77.27,44.21641,45.79,6.64761,16.42
橡膠工業,傳產-橡膠,國際中橡,0.02176,-1.35,1.72652,-3.04,8.12891,-5.51,20.70881,1.83,56.99198,-5.51,1.72652,-3.04
電子–電腦及週邊設備,電子下游-商業自動化,飛捷,0.02699,0.77,3.74137,-1.31,14.44145,-0.44,48.55232,-15.33,1074.51063,4.43,3.74137,-1.31
電子–半導體,電子上游-IC-設計,奕力-KY,0.07618,-1.45,5.08192,-2.81,14.37003,-5.71,82.10407,-11.73,669.70767,-19.9,5.08192,-2.81
電子–電腦及週邊設備,電子下游-工業電腦,樺漢,1.53,-0.86,11.82744,1.57,47.22924,1.22,119.50841,0.34,512.04102,8.27,11.82744,1.57
汽車工業,傳產-汽車零組件,和大,1.38,-1.46,6.95456,-1.79,16.51368,-8.36,56.89973,-9.42,1298.26207,-6.63,6.95456,-1.79
電子–資訊服務,軟體-系統整合,精誠,0.04497,0,4.75582,-1.69,25.18033,-5.31,99.15481,-14.39,469.66008,-4.83,4.75582,-1.69
電子–光電,電子中游-其他,熒茂,0.01117,-1.63,2.51546,2.29,9.10367,18.27,10.96143,11.82,59.89442,5.04,2.51546,2.29
汽車工業,傳產-汽車零組件,百達-KY,0.0176,-0.44,3.90202,-2.59,12.28658,0.7,40.43545,8.17,114.17955,10.2,3.90202,-2.59
其他,傳產-紡織纖維,百和,0.09177,0.96,4.55776,3.17,14.10824,-2.62,48.23073,-8.11,258.86297,-18.06,4.55776,3.17
電子–通信網路,電子中游-網通,智易,0.07473,0.87,7.36433,-1.15,17.6702,-5.75,79.98433,-18.1,682.29321,3.63,7.36433,-1.15
其他,傳產-塑膠,宏全,0.06853,0.84,6.894,-1.65,23.9232,-1.24,75.88227,-4.42,374.78528,-14.27,6.894,-1.65
電子–半導體,電子上游-IP/ASIC,M31,2.95,-2.27,34.14675,16.98,53.78007,6.39,160.04385,6.39,925.56846,-26.59,34.14675,16.98
電子–通信網路,電子中游-通訊設備,星通,2.24,0.56,10.49114,10.63,39.35838,27.34,53.91653,53.41,105.14858,13.04,10.49114,10.63
運動休閒,傳產-運動休閒,喬山,1.56,1.68,5.19551,-1.32,15.98409,-7.17,59.9835,-12.87,439.72203,-13.35,5.19551,-1.32
電機機械,傳產-電機,台灣精銳,3.02,-1.57,15.26481,7.67,28.19001,3.24,109.23559,12.68,1366.21961,-7.52,15.26481,7.67
電子–光電,電子下游-安全監控,昇銳,0.00926,-1.71,1.05585,-1.84,4.65773,10.15,8.27589,-4.72,335.25948,18.1,1.05585,-1.84
電子–電子零組件,電子上游-連接元件,優群,1,2.58,4.69718,-2.52,16.18399,-6.06,118.96242,-13.41,354.32236,17.12,4.69718,-2.52
電子–電腦及週邊設備,電子下游-筆記型電腦,藍天,0.01738,0,1.24553,-2.2,4.82896,-5.73,15.91231,-4.18,109.10838,-16.65,1.24553,-2.2
電子–電腦及週邊設備,電子下游-電腦周邊,昆盈,0.03989,-0.29,5.95203,0.58,13.28598,-5.18,61.91915,-12.67,742.93384,-13.52,5.95203,0.58
塑膠工業,傳產-塑膠,台苯,0.01958,-1.93,1.0103,-0.34,3.1411,-1.56,7.52887,-0.11,23.78001,-3.81,1.0103,-0.34
電子–半導體,電子上游-晶圓材料,嘉晶,2.15,-5.17,24.70387,17.42,39.58256,16.28,138.80923,14.94,370.67729,52.79,24.70387,17.42
